title,first_name,last_name,gender,birth_date,salary,department,position,hire_date,status,phone_number,bank_name,bank_account,address
นางสาว,ชลธิชา,เมธากุล,หญิง,22/7/1996,"31,000",ไอที,System Analyst,1/3/2567,ประจำ (Permanent),082-223-4455,ไทยพาณิชย์,234-3-45678-9,56/78 ถ.พหลโยธิน เขตจตุจักร กทม. 10900
นาย,ธีรภัทร,ชินวัตร,ชาย,10/11/1985,"65,000",บริหาร,ผู้จัดการฝ่ายบริหาร,1/4/2564,ประจำ (Permanent),083-334-5566,กรุงเทพ,345-4-56789-0,90/12 ถ.สีลม เขตบางรัก กทม. 10500
นางสาว,นิภาพร,วรเวช,หญิง,18/2/1990,"48,000",บริหาร,เจ้าหน้าที่บริหารงานทั่วไป,15/8/2565,ประจำ (Permanent),084-445-6677,กรุงไทย,456-5-67890-1,34/56 ถ.สาทร เขตสาทร กทม. 10120
นาย,ภานุพงศ์,เตชะวงศ์,ชาย,5/9/1988,"52,000",บริหาร,ผู้เชี่ยวชาญด้านวางแผนกลยุทธ์,10/1/2566,ประจำ (Permanent),085-556-7788,กสิกรไทย,567-6-78901-2,78/90 ถ.พระราม 4 เขตคลองเตย กทม. 10110
นาง,กานดา,ศิริวัฒน์,หญิง,30/5/1987,"45,000",บริหาร,เลขานุการผู้บริหาร,1/11/2565,ประจำ (Permanent),086-667-8899,ไทยพาณิชย์,678-7-89012-3,12/89 ถ.วิทยุ เขตปทุมวัน กทม. 10330
นางสาว,ปรียานุช,รัตนศิลป์,หญิง,12/4/1995,"26,000",บริการลูกค้า,เจ้าหน้าที่บริการลูกค้าอาวุโส,1/5/2566,ประจำ (Permanent),087-778-9900,กรุงเทพ,789-8-90123-4,45/12 ถ.ลาดพร้าว เขตจตุจักร กทม. 10900
นาย,เอกรัตน์,พงษ์สวัสดิ์,ชาย,25/8/1993,"24,000",บริการลูกค้า,เจ้าหน้าที่ดูแลลูกค้าสัมพันธ์,15/9/2566,ประจำ (Permanent),088-889-0011,กรุงไทย,890-9-01234-5,67/23 ถ.รามคำแหง เขตบางกะปิ กทม. 10240
นางสาว,นลินี,สุวรรณโชติ,หญิง,3/12/1997,"22,000",บริการลูกค้า,พนักงานรับสาย,10/2/2567,สัญญาจ้าง (Contract),089-990-1122,กสิกรไทย,901-0-12345-6,89/34 ถ.เพชรบุรี เขตราชเทวี กทม. 10400
นาย,กรวิชญ์,ตั้งมั่น,ชาย,18/6/1994,"25,000",บริการลูกค้า,เจ้าหน้าที่สนับสนุนการบริการ,1/5/2567,ประจำ (Permanent),081-001-2233,ไทยพาณิชย์,012-1-23456-7,23/45 ถ.แจ้งวัฒนะ เขตหลักสี่ กทม. 10210
นาย,วรเมธ,โชติช่วง,ชาย,20/1/1989,"38,000",จัดซื้อ,ผู้จัดการแผนกจัดซื้อ,15/2/2565,ประจำ (Permanent),082-112-3344,กรุงเทพ,123-4-56789-1,11/22 ถ.รัชดาภิเษก เขตห้วยขวาง กทม. 10310
นางสาว,ชนินาถ,นิมิตกุล,หญิง,14/10/1993,"28,000",จัดซื้อ,เจ้าหน้าที่จัดซื้อต่างประเทศ,1/6/2566,ประจำ (Permanent),083-223-4455,กรุงไทย,234-5-67890-2,33/44 ถ.พระราม 9 เขตห้วยขวาง กทม. 10310
นาย,สุรเชษฐ์,เจริญสุข,ชาย,28/3/1995,"25,000",จัดซื้อ,เจ้าหน้าที่จัดซื้อ,8/1/2567,ประจำ (Permanent),084-334-5566,กสิกรไทย,345-6-78901-3,55/66 ถ.นวมินทร์ เขตบึงกุ่ม กทม. 10240
นางสาว,ธนัญชนก,มีมาก,หญิง,9/8/1998,"22,000",จัดซื้อ,เจ้าหน้าที่ประสานงานจัดซื้อ,15/4/2567,สัญญาจ้าง (Contract),085-445-6677,ไทยพาณิชย์,456-7-89012-4,77/88 ถ.บางนา-ตราด เขตบางนา กทม. 10260
นาย,พงศธร,ลาภผล,ชาย,5/4/1988,"42,000",ฝ่ายขาย,ผู้จัดการฝ่ายขาย,1/9/2564,ประจำ (Permanent),086-556-7788,กรุงเทพ,567-8-90123-5,99/11 ถ.เจริญกรุง เขตบางคอแหลม กทม. 10120
นางสาว,เมทินี,สุขเจริญ,หญิง,17/11/1992,"32,000",ฝ่ายขาย,เจ้าหน้าที่บริหารยอดขาย,20/3/2566,ประจำ (Permanent),087-667-8899,กรุงไทย,678-9-01234-6,12/33 ถ.พระราม 3 เขตยานนาวา กทม. 10120
นาย,ปริญญา,วงศ์ใหญ่,ชาย,28/2/1994,"27,000",ฝ่ายขาย,พนักงานขายอาวุโส,1/10/2566,ประจำ (Permanent),088-778-9900,กสิกรไทย,789-0-12345-7,34/55 ถ.ประชาอุทิศ เขตทุ่งครุ กทม. 10140
นางสาว,กานต์ธีรา,สมบูรณ์,หญิง,14/9/1996,"24,000",ฝ่ายขาย,พนักงานขาย,15/3/2567,ประจำ (Permanent),089-889-0011,ไทยพาณิชย์,890-1-23456-8,56/77 ถ.สุขสวัสดิ์ เขตราษฎร์บูรณะ กทม. 10140
นาย,จิรายุ,โชติพาณิชย์,ชาย,8/7/1990,"40,000",การตลาด,ผู้จัดการฝ่ายการตลาด,10/5/2565,ประจำ (Permanent),081-990-1122,กรุงเทพ,901-2-34567-9,78/99 ถ.งามวงศ์วาน เขตเมือง นนทบุรี 11000
นางสาว,พิมพ์มารดา,เลิศพาณิช,หญิง,19/12/1993,"33,000",การตลาด,นักวางแผนกลยุทธ์การตลาด,1/4/2566,ประจำ (Permanent),082-001-2233,กรุงไทย,012-3-45678-0,21/43 ถ.ติวานนท์ เขตปากเกร็ด นนทบุรี 11120
นาย,ธนกฤต,วิเศษกุล,ชาย,24/5/1995,"28,000",การตลาด,Content Creator,15/11/2566,ประจำ (Permanent),083-112-3344,กสิกรไทย,123-5-67890-3,43/65 ถ.ราชพฤกษ์ เขตตลิ่งชัน กทม. 10170
นางสาว,ชัญญานุช,ใจมั่น,หญิง,31/1/1997,"25,000",การตลาด,Graphic Designer,20/2/2567,ประจำ (Permanent),084-223-4455,ไทยพาณิชย์,234-6-78901-4,65/87 ถ.บรมราชชนนี เขตทวีวัฒนา กทม. 10170
นาย,ภานุวัฒน์,แสงสุวรรณ,ชาย,14/8/1989,"36,000",บัญชี,นักบัญชีอาวุโส,15/9/2565,ประจำ (Permanent),085-334-5566,กรุงเทพ,345-7-89012-5,87/10 ถ.เพชรเกษม เขตภาษีเจริญ กทม. 10160
นางสาว,สุพรรณิกา,บุญมี,หญิง,27/3/1992,"30,000",บัญชี,เจ้าหน้าที่การเงิน,1/2/2566,ประจำ (Permanent),086-445-6677,กรุงไทย,456-8-90123-6,10/22 ถ.จรัญสนิทวงศ์ เขตบางกอกน้อย กทม. 10700
นาย,ชัยพร,มงคลทรัพย์,ชาย,9/10/1994,"26,000",บัญชี,เจ้าหน้าที่บัญชีเจ้าหนี้ (AP),10/8/2566,ประจำ (Permanent),087-556-7788,กสิกรไทย,567-9-01234-7,32/44 ถ.สมเด็จพระเจ้าตากสิน เขตธนบุรี กทม. 10600
นางสาว,ภัทรวดี,มั่งคั่ง,หญิง,16/6/1996,"24,000",บัญชี,เจ้าหน้าที่บัญชีลูกหนี้ (AR),22/1/2567,ประจำ (Permanent),088-667-8899,ไทยพาณิชย์,678-0-12345-8,54/66 ถ.ประชาธิปก เขตคลองสาน กทม. 10600
นาย,ศักดิ์ดา,วิจิตรการ,ชาย,2/10/1986,"45,000",บุคคล,ผู้จัดการฝ่ายทรัพยากรบุคคล,1/8/2564,ประจำ (Permanent),089-778-9900,กรุงเทพ,789-1-23456-9,76/88 ถ.ศรีนครินทร์ เขตประเวศ กทม. 10250
นางสาว,มัลลิกา,ตั้งเจริญ,หญิง,18/4/1991,"32,000",บุคคล,เจ้าหน้าที่สรรหาบุคลากร (Recruiter),10/12/2565,ประจำ (Permanent),081-889-0011,กรุงไทย,890-2-34567-0,98/10 ถ.พัฒนาการ เขตสวนหลวง กทม. 10250
นาย,ปัณณธร,เกียรติบวร,ชาย,25/11/1995,"27,000",บุคคล,เจ้าหน้าที่บริหารงานบุคคล,1/7/2566,ประจำ (Permanent),082-990-1122,กสิกรไทย,901-3-45678-1,12/24 ถ.อ่อนนุช เขตประเวศ กทม. 10250
